handleId,fieldType,name,description,productImageUrl,collection,sku,ribbon,price,surcharge,visible,discountMode,discountValue,inventory,weight,cost,productOptionName1,productOptionType1,productOptionDescription1,productOptionName2,productOptionType2,productOptionDescription2,productOptionName3,productOptionType3,productOptionDescription3,productOptionName4,productOptionType4,productOptionDescription4,productOptionName5,productOptionType5,productOptionDescription5,productOptionName6,productOptionType6,productOptionDescription6,additionalInfoTitle1,additionalInfoDescription1,additionalInfoTitle2,additionalInfoDescription2,additionalInfoTitle3,additionalInfoDescription3,additionalInfoTitle4,additionalInfoDescription4,additionalInfoTitle5,additionalInfoDescription5,additionalInfoTitle6,additionalInfoDescription6,customTextField1,customTextCharLimit1,customTextMandatory1,customTextField2,customTextCharLimit2,customTextMandatory2,brand
product_a6d43211-b756-5d74-80d2-6e5a94ada9a3,Product,MILLESIMATO BRUT VALDOBBIADENE D.O.C.G Magnum,"<p>1,5L flaska af 09 Millesimato freyðivíninu frá Borgo Molino. Þetta er frábært freyðivín, tilvalið fyrir áramótapartýið. Kemur í viðarkassa með handfangi.</p><p>&nbsp;</p><p>09 Millesimato DOCG er það freyðivín sem er almennt álitið besta freyðivínið af okkar viðskiptavinum hér á Íslandi. Þrúgurnar eru týndar í hlíðum Valdobbiadene sem er sennilega frægasti bærinn í Prosecco héraðinu. Vínið er þurrt og ferskt og einstaklega bragðgott. Millesimato er svokallað árgangavín sem þýðir að framleiðandinn hefur fundið árgang sem er einstakur og eru allar þrúgurnar í víninu af þeim árgangi, í þessu tilviki árið 2019.</p>",fa1d60_06e4b465f402466f806b579277b2ac3a~mv2.png,Léttvínspakki frá Borgo Molínu;All collections;Borgo Molino;Procecco;Gjafapakkar;Borgo Molino Prosecco,,Magnum,11990.0,,true,PERCENT,0.0,InStock,,,,,,,,,,,,,,,,,,,,,DESCRIPTION,"<p>DESCRIPTION: SELECTED GLERA GRAPES GROWN ON THE CRU HILLS OF VALDOBBIADENE, COMBINED WITH THE SLOW BUBBLE-FORMING PROCESS<br>
(“PRESA DI SPUMA”) CREATES A BRUT SPARKLING WINE WITH A BRILLIANT STRAW YELLOW COLOR WITH SOFT GREEN HEWS.<br>
FINE AND DELICATE FRUITY BOUQUET, REMINISCENT OF MEADOW FLOWERS AND A HINT OF APPLE AND PEAR.</p>
",RECOMMENDED,"<p>RECOMMENDED COMBINATION WITH FOOD: EXCELLENT AS AN APERITIF, IT IS A PERFECT PARTNER FOR FISH STARTERS AND LIGHT MEALS.</p>
",HIGHLIGHTS,"<p>PRODUCTION AREA: VALDOBBIADENE</p>

<p>GRAPE VARIETY: GLERA</p>

<p>SERVE AT: 6-8 °C.</p>

<p>ALC. 11,5% VOL</p>

<p>ML. 3000</p>
",,,,,,,,,,,,,
product_133001d7-27ef-01e1-b8d6-3177df704588,Product,SERIO Pino Nero,<p>Pino Nero</p>,8d480d_d67824afd29749cf84a6d3302d4a114c~mv2.png;8d480d_89c2f93abfab4378a2778024794694e7~mv2.png,Án Alcohol;VINUCI;All collections,,0% ALC,1990.0,,true,PERCENT,0.0,InStock,0.9,,,,,,,,,,,,,,,,,,,,UM VINUCI,"<p>Vinuci er nýr ítalskur framleiðandi sem framleiðir áfengislaust léttvín úr bestu fáanlegu hráefnum. Vínin frá&nbsp;Vinuci eru framleidd með nýrri tækni þar sem áfengið er látið gufa upp úr víninu undir lofttæmi. Með þessari nýju tækni tekst að halda ná áfenginu úr víninu án þess að hafa áhrif á bragðgæði.</p>
",DESCRIPTION,"<p>TThe VINUCI Pinot Noir ‘Serio’ is the alcohol-free alternative to a glass of wine. The benefits are reduced calories and no headache the day after, making it ideal for drivers and responsible drinkers! A state-of-the-art dealcoholisation process protects the fine bouquet aromas so that the typical, vinous taste is retained in the glass.</p>
",RECOMMENDED,"<p>Ideal with meat and pasta dishes</p>
",HIGHLIGHTS,"<p><strong>Grapes: Pinot Noir</strong></p>

<p>Serve at: 14 - 16 °C</p>

<p>Alc. &lt;0,5% VOL</p>

<p>ml. 750</p>
",,,,,,,,,,,
product_20eac04d-50a0-bec3-6766-df9ab74f6232,Product,Nero Cabernet Sauvignon,<p>Cabernet Sauvignon</p>,8d480d_728d1259731b4405baa5d232d6003ad4~mv2.png;8d480d_dc0cfd113e0d436e9ddf9ecde1fc02a7~mv2.png,Án Alcohol;VINUCI;All collections,,0% ALC,1990.0,,true,PERCENT,0.0,InStock,0.9,,,,,,,,,,,,,,,,,,,,UM VINUCI,"<p>Vinuci er nýr ítalskur framleiðandi sem framleiðir áfengislaust léttvín úr bestu fáanlegu hráefnum. Vínin frá&nbsp;Vinuci eru framleidd með nýrri tækni þar sem áfengið er látið gufa upp úr víninu undir lofttæmi. Með þessari nýju tækni tekst að halda ná áfenginu úr víninu án þess að hafa áhrif á bragðgæði.</p>
",DESCRIPTION,"<p>The NERO, Cabernet Sauvignon decalized is the ideal pairing for a pizza with anchovies and black olives.<br>
The salinity of the anchovies and the intense flavor of black olives are enhanced by the fruity and spicy notes of the wine, creating a perfect balance between salty and fruity.<br>
A rich and determined combination, which offers a full and enveloping taste experience, without the alcohol but with all the character.</p>
",RECOMMENDED,"<p>The NERO, Cabernet Sauvignon decalized is the ideal pairing for a pizza with anchovies and black olives.</p>
",HIGHLIGHTS,"<p><strong>Grapes: Cabernet Sauvignon</strong></p>

<p>Serve at: 11-16C</p>

<p>Alc. &lt;0,5% VOL</p>

<p>ml. 750</p>
",,,,,,,,,,,
product_5a8638fa-4864-4ebc-773b-04103f6f1bc5,Product,Sauvignon Blanc IGT Trevenezie,<p>&nbsp;</p>,81441e_89971022e1854c83b490aa53b4ec1f0a~mv2.png,Léttvínspakki frá Borgo Molínu;All collections;Hvítvín;Borgo Molino;Borgo Molino Hvítvín,,NÝTT,2990.0,,true,PERCENT,0.0,InStock,,,,,,,,,,,,,,,,,,,,,DESCRIPTION,"<p>COLOR : PALE STRAW YELLOW, WITH GREENISH HIGHLIGHTS.</p>

<p>FRAGRENCE. INTENSE AND COMPLEX AROMA WITH MARKED VEGETAL NOTES, REMINISCENT OF TOMATO LEACES, PEPPERS, SAGE, AVVOMPANIED BY AN INTENSE EXOTIC SCENT.</p>

<p>TASTING NOTE: INTENSE, MINIEAL, ELEGNTLY SAPID, VERY BALANCED WITH A LONG AND INTENSE AFTERTASTE WITH MARKED EXOTIC NOTES, SUCH AS PAPAYA AND PASSION FRUIT.</p>
",RECOMMENDED,"<p>COMBINATION WITH FOOD: A WONDERFUL ACCOMPANIMENT FOR FISH DISHES AND SOUPS.</p>
",HIGHLIGHTS,"<p>GRAPE VARIETY: SAEUVIGNON&nbsp;</p>

<p>PRODUCTION AREA: FRIULI VENEZI A GIULIA</p>

<p>SERVE AT: 10-12&nbsp;°C</p>

<p>ALC. 12,5% VOL</p>

<p>ML. 750</p>

<p>&nbsp;</p>
",,,,,,,,,,,,,
product_a80c65c5-2a89-701a-2695-9c441c60f645,Product,SERNA ROSSO I.G.T. Magnum,<p>&nbsp;</p>,fa1d60_af39775d963b432ca4c0bffd11de8862~mv2.png,Léttvínspakki frá Borgo Molínu;Borgo Molino Rauðvín;All collections;Borgo Molino;Rauðvín,,Magnum,8990.0,,true,PERCENT,0.0,InStock,,,,,,,,,,,,,,,,,,,,,DESCRIPTION,"<p>WINE WITH INTENSE VIOLET COLOR WITH LIGHT GRANATE SHADES. THE FRUITY FRAGRANCE IS INTENSE AND COMPLEX, WITH LIGHT NOTES OF MEDITERRANEAN SPICES. WINE OF GREAT SOFTNESS AND STRUCTURE. WITH VERY FRUITY TASTE. THE ÉLEVAGE IN SMALL WOODEN BARRELS EXALTS AROMATIC COMPLEXITY BY DONATING NOTES OF LIQUORICE AND CINNAMON.</p>
",RECOMMENDED,"<p>RECOMMENDED COMBINATION WITH FOOD: THE HARMONY OF THE BODY IS EXALTED BY BRACES MEATS, BAKED AND CHEESES SEASONED. WE RECOMMEND THAT THE BOTTLE BE OPENED AL LEAST AN HOUR BEFORE SERVING.</p>
",HIGHLIGHTS,"<p>GRAPE VARIETY: REFOSCO, MERLOT AND CABERNET SAUVIGNON</p>

<p>PRODUCTION AREA: TREVENEZIE</p>

<p>SERVE AT: 18-20 °C&nbsp;</p>

<p>ALC. 15% VOL</p>

<p>ML. 750</p>

<p>COD. 78</p>
",,,,,,,,,,,,,
product_49221c2b-7513-6fc7-cd6d-b4a2d8c76457,Product,PROSECCO D.O.C. TREVISO EXTRA DRY Magnum,<p>&nbsp;</p>,fa1d60_bde9d395265f44b099134bdcd64326ab~mv2.png,All collections;Borgo Molino Prosecco;Borgo Molino;Procecco,,Nýjar umbúðir,6400.0,,false,PERCENT,0.0,OutOfStock,,,,,,,,,,,,,,,,,,,,,DESCRIPTION,"<p>DESCRIPTION: SPARKLING MADE FROM THE EXCLUSIVE SELECTION OF GLERA GRAPES. PALE STRAW-YELLOW COLOR, FINE PERLAGE, RICH AND FRAGRANT BOUQUET, DRY TO THE TASTE WITH A PLEASANTLY-BITTER UNDERTONE.</p>
",RECOMMENDED,"<p>RECOMMENDED COMBINATION WITH FOOD: EXCELLENT APERITIF; FRESH AND FRUITY IT IS IDEAL THROUGHOUT THE MEAL.</p>
",HIGHLIGHTS,"<p>GRAPE VARIETY: GLERA</p>

<p>PRODUCTION AREA: PROSECCO TREVISO</p>

<p>SERVE AT: 6-8 °C</p>

<p>ALC. 11% VOL</p>

<p>SUGAR CONTENT:&nbsp;15 gr/l</p>

<p>ML. 750</p>

<p>COD. 08&nbsp;</p>
",,,,,,,,,,,,,
product_ba421784-fc99-a2f5-52eb-64b980871a51,Product,MOTIVO ROSÉ EXTRA DRY Magnum,<p>&nbsp;</p>,fa1d60_e048074582664417acdc563a0114929f~mv2.png,Borgo Molino;All collections;Borgo Molino Prosecco;Procecco,,Vinsælt,6900.0,,true,PERCENT,0.0,InStock,,,,,,,,,,,,,,,,,,,,,DESCRIPTION,"<p>AN EXQUISITELY ELEGANT SPARKLING WINE, WITH A BRILLIANT PALE PINK COLOUR AND A FINE, PERSISTENT PERLAGE. DELICATE FRUITY FRAGRANCE, WITH A BOUQUET OF STRAWBERRY, RASPBERRY AND ROSE. SAVOURY, FRESH FLAVOUR, WITH A DELICATE AROMATIC TOUCH.</p>
",RECOMMENDED,"<p>RECOMMENDED COMBINATION WITH FOOD: A HIGHLY AGREEABLE WINE TO ENJOY AS AN APERITIF OR BETWEEN MEALS.</p>
",HIGHLIGHTS,"<p>GRAPE VARIETY: GLERA, PINOT NERO AND RABOSO</p>

<p>PRODUCTION AREA: TREVENEZIE</p>

<p>SERVE AT: 6-8 °C</p>

<p>ALC. 11% VOL</p>

<p>SUGAR CONTENT:&nbsp;15 gr/l</p>

<p>ML. 750</p>

<p>COD. 06</p>
",,,,,,,,,,,,,
product_f6381576-78e6-e579-d89b-f1ab513f64a8,Product,VALDOBBIADENE PROSECCO SUPERIORE D.O.C.G. EXTRA DRY,<p>&nbsp;</p>,fa1d60_4f96cd428c9c49aeaf7fcd142d1afb44~mv2.png,Borgo Molino;All collections;Borgo Molino Prosecco;Procecco,,375 ML,1790.0,,true,PERCENT,0.0,OutOfStock,,,,,,,,,,,,,,,,,,,,,DESCRIPTION,"<p>DESCRIPTION: EXTRA DRY SPARKLING MADE FROM THE BEST GLERA GRAPES PRODUCED IN THE VALDOBBIADENE HILLS. PALE STRAW-YELLOW COLOR, FINE, PERSISTENT PERLAGE, FRUITY, ELEGANT AND CHARACTERISTIC BOUQUET AND TASTE</p>
",RECOMMENDED,"<p>RECOMMENDED COMBINATION WITH FOOD: : EXCELLENT AS AN APERITIF OR AT THE END OF A MEAL; WHEN ENJOYED ON ITS FULL PRESTIGE AND UNMISTAKABLE PERSONALITY</p>
",HIGHLIGHTS,"<p>PRODUCTION AREA: VALDOBBIADENE</p>

<p>GRAPE VARIETY: GLERA</p>

<p>SERVE AT: 6-8 °C.</p>

<p>ALC. 11,5% VOL</p>

<p>ML. 375</p>
",,,,,,,,,,,,,
product_6ea7c3b6-e2ec-5e5e-8f56-3ec76ef28dc5,Product,VALDOBBIADENE PROSECCO SUPERIORE D.O.C.G. EXTRA DRY,<p>&nbsp;</p>,fa1d60_fdd6f292c5eb4e24a408228978e13dba~mv2.png,Borgo Molino;All collections;Borgo Molino Prosecco;Procecco,,,3190.0,,true,PERCENT,0.0,OutOfStock,,,,,,,,,,,,,,,,,,,,,DESCRIPTION,"<p>DESCRIPTION: EXTRA DRY SPARKLING MADE FROM THE BEST GLERA GRAPES PRODUCED IN THE VALDOBBIADENE HILLS. PALE STRAW-YELLOW COLOR, FINE, PERSISTENT PERLAGE, FRUITY, ELEGANT AND CHARACTERISTIC BOUQUET AND TASTE</p>
",RECOMMENDED,"<p>RECOMMENDED COMBINATION WITH FOOD: : EXCELLENT AS AN APERITIF OR AT THE END OF A MEAL; WHEN ENJOYED ON ITS FULL PRESTIGE AND UNMISTAKABLE PERSONALITY</p>
",HIGHLIGHTS,"<p>PRODUCTION AREA: VALDOBBIADENE</p>

<p>GRAPE VARIETY: GLERA</p>

<p>SERVE AT: 6-8 °C.</p>

<p>ALC. 11,5% VOL</p>

<p>ML. 750</p>
",,,,,,,,,,,,,
product_517ee212-76cc-f521-2bb2-43009bc0517a,Product,MOTIVO ROSSO DRY,<p>&nbsp;</p>,fa1d60_6c6d971d1b9a4e558c9ecbe7eada47d9~mv2.png,All collections;Borgo Molino;Lagersala;Procecco;Borgo Molino Prosecco,,NÝTT,2699.0,,true,PERCENT,20.0,InStock,,,,,,,,,,,,,,,,,,,,,DESCRIPTION,"<p>SPARKLING WINE WITH A PURPLE-RED COLOUR, FULL AND ENVELOPING BERRIES FRAGRANCE AND FINAL VIOLET HINTS. INTENSE, SUPPLE AND COMPLETE TASTE, WELL-BALANCED THANKS TO A PLEASANT FRESHNESS AND A NEVER AGGRESSIVE TANNIN.</p>
",RECOMMENDED,"<p>RECOMMENDED COMBINATION WITH FOOD: EXCELLENT ON ITS OWN AND AS AN APERITIF, AN EXCELLENT ACCOMPANIMENT FOR COLD CUTS AND BOILED MEAT, IDEAL WITH FRUIT.</p>
",HIGHLIGHTS,"<p>GRAPE VARIETY: REFOSCO, RABOSO&nbsp;AND ANCELLOTTA</p>

<p>PRODUCTION AREA: VENETO</p>

<p>SERVE AT: 10-12&nbsp;°C</p>

<p>ALC. 11,5% VOL</p>

<p>SUGAR CONTENT: 30&nbsp;gr/l</p>

<p>ML. 750</p>

<p>COD. 21</p>
",,,,,,,,,,,,,
product_88298b4c-bc1d-b7a4-a46e-a541adc75a86,Product,Ramoro pinot grigio Rosé Terre di chieti I.G.P.,<p>&nbsp;</p>,fa1d60_4a94e48a70c04674a281aa352dbcab4c~mv2.png,Lunaria Orsogna;All collections;Lífrænt  Ræktað;Hvítvín,,Organic & Biodynamic,3190.0,,true,PERCENT,0.0,InStock,,,,,,,,,,,,,,,,,,,,,DESCRIPTION,"<p>Copper color, the nose is intense, floral with yellow fruits, hints of ethereal; on the palate is fresh, intense and fruity.</p>
",RECOMMENDED,"<p>Seafood, cod, pasta with clear sauces, white meat.</p>
",HIGLIGHTS,"<p>Organic and Biodynamic</p>

<p>GRAPE VARIETY: Pinot Grigio minimum 85%</p>

<p>PRODUCTION AREA: Terre di Chieti IGP</p>

<p>SERVE AT: 10-12°C</p>

<p>ALC. 13,5% VOL</p>

<p>ML. 750</p>
",,,,,,,,,,,,,
product_918ed6d8-892d-433a-8b66-9e780619b35f,Product,Civitas pecorino Terre di chieti I.G.P.,<p>&nbsp;</p>,fa1d60_4cff25c5c0c44afbb5daf9c174b0721b~mv2.png,Lunaria Orsogna;All collections;Lífrænt  Ræktað;Hvítvín;Lagersala,,Organic & Biodynamic,3190.0,,true,PERCENT,30.0,InStock,,,,,,,,,,,,,,,,,,,,,DESCRIPTION,"<p>Straw yellow color, intense nose with hints of broom, white fruits and ethereal. The palate is fresh, intense, fruity and full-bodied.</p>
",RECOMMENDED,"<p>Elaborated seafood dishes, medium cured cheese, pasta dishes, white meats.</p>
",HIGLIGHTS,"<p>Organic and Biodynamic</p>

<p>GRAPE VARIETY: Pecorino 85%</p>

<p>PRODUCTION AREA: Terre di Chieti IGP</p>

<p>SERVE AT: 10-12°C</p>

<p>ALC. 13% VOL</p>

<p>ML. 750</p>
",,,,,,,,,,,,,
product_0d821052-5ce1-5de7-c614-b4e726c930aa,Product,12 E MEZZO  PRIMITIVO DEL SALENTO - I.G.P.,<p>&nbsp;</p>,fa1d60_ec35d3c389094e0b8ca1b849e68dfeac~mv2.png,All collections;Rauðvín;Varvaglione,,NÝTT,2990.0,,false,PERCENT,0.0,OutOfStock,,,,,,,,,,,,,,,,,,,,,DESCRIPTION,"<p>Vinification by maceration with controlled temperature<br>
at 24°-28°C. After malolactic fermentation, aged in<br>
American barriques for at least 3 – 6 months.</p>

<p>Intense fruity aromas of ripe plums and cherry jam. Notes<br>
of cocoa and spices, with a finish of vanilla. Smooth and<br>
full of ripe tannins.</p>
",RECOMMENDED,"<p>COMBINATION WITH FOOD: Good with aged cheese, pasta and pizza.</p>
",HIGLIGHTS,"<p>GRAPE VARIETY: 100% Primitivo del Salento</p>

<p>PRODUCTION AREA: Leporano</p>

<p>SERVE AT: 18 °C</p>

<p>ALC. 12,5,% VOL</p>

<p>ML. 750</p>
",,,,,,,,,,,,,
product_873acb8b-b2e0-33df-a0db-f903ea58b0ea,Product,1921    PRIMITIVO DI MANDURIA RISERVA - D.O.P.,<p>&nbsp;</p>,fa1d60_642b30d6656e49de97d073797738e98d~mv2.png,All collections;Rauðvín;Varvaglione,,NÝTT,5990.0,,false,PERCENT,0.0,OutOfStock,,,,,,,,,,,,,,,,,,,,,DESCRIPTION,"<p>Thermo-controlled maceration at 26°C with further<br>
maceration of marcs after alcoholic fermentation. Aged in<br>
big barrels for about 18 months, followed by a further aging<br>
in stainless steel for 9 months.</p>

<p>Notes of ripe red berries, dried figs, black cherries<br>
preserved under spirits and vanilla aromas. On the<br>
palate it is structured, smooth and elegant with fruity,<br>
sweet and aromatic notes of cloves and black pepper.</p>
",RECOMMENDED,"<p>COMBINATION WITH FOOD: Perfect with game and red meat.</p>
",HIGLIGHTS,"<p>GRAPE VARIETY: 100% Primitivo di Manduria</p>

<p>PRODUCTION AREA: Leporano</p>

<p>SERVE AT: 18 °C</p>

<p>ALC. 14,5,% VOL</p>

<p>ML. 750</p>
",,,,,,,,,,,,,
product_4c9d4c66-11ad-a8ab-89d2-2b292f318756,Product,COSOMO VARVAGLIONE NEGROAMARO DEL SALENTO - I.G.P.,<p>&nbsp;</p>,fa1d60_984dd9f531cf4f78bea60833d37e7071~mv2.png,All collections;Rauðvín;Varvaglione,,NÝTT,4990.0,,false,PERCENT,0.0,OutOfStock,,,,,,,,,,,,,,,,,,,,,DESCRIPTION,"<p>Vinification by maceration at controlled temperature of<br>
24°-26°C. After malolactic fermentation, aged in French<br>
barrels and American tonneau for at least 6 months.</p>

<p>On the nose, notes of red fruits, black pepper, cinnamon,tobacco and distinctive aromas of licorice. On the palate,balmy and long..</p>
",RECOMMENDED,"<p>COMBINATION WITH FOOD: Excellent with red meat, sauces and aged cheese</p>
",HIGLIGHTS,"<p>GRAPE VARIETY: 100% Negroamaro del Salento&nbsp;</p>

<p>PRODUCTION AREA: Leporano</p>

<p>SERVE AT: 18 °C</p>

<p>ALC. 15,% VOL</p>

<p>ML. 750</p>
",,,,,,,,,,,,,
product_d4c9fc98-b26f-c527-cad3-847b20c9866c,Product,COSOMO VARVAGLIONE PRIMITIVO DI MANDURIA - D.O.P.,<p>&nbsp;</p>,fa1d60_3db10870de46486998eae78ee5e5a5dc~mv2.png,All collections;Rauðvín;Varvaglione,,NÝTT,5390.0,,false,PERCENT,0.0,OutOfStock,,,,,,,,,,,,,,,,,,,,,DESCRIPTION,"<p>Vinification by maceration at controlled temperature of<br>
26°-28°C. After malolactic fermentation, aged in French<br>
barrels and American barriques for at least 14 months.</p>

<p>On the nose, intense aromas of red fruit jam. On the palate,<br>
rich and round.</p>
",RECOMMENDED,"<p>COMBINATION WITH FOOD: Perfect with red meat, game and aged cheese.</p>
",HIGLIGHTS,"<p>GRAPE VARIETY: 100% Primitivo di Manduria,&nbsp;</p>

<p>PRODUCTION AREA: Leporano</p>

<p>SERVE AT: 18 °C</p>

<p>ALC. 15,% VOL</p>

<p>ML. 750</p>
",,,,,,,,,,,,,
product_d48db70f-1740-cb86-d552-a7d9e99c6b9e,Product,PAPALE PRIMITIVO DI MANDURIA - D.O.P.,<p>&nbsp;</p>,fa1d60_e38c018e5f654d9db2cd6878be36a639~mv2.png,All collections;Rauðvín;Varvaglione,,NÝTT,3690.0,,false,PERCENT,0.0,OutOfStock,,,,,,,,,,,,,,,,,,,,,DESCRIPTION,"<p>Vinification by maceration with controlled temperature at<br>
26°-28°C. After malolactic fermentation, aged in French<br>
barrels for at least 8&nbsp;months.</p>

<p>Intense aromas of fruit jam, blackcurrants, cherries,<br>
mulberries, chocolate and licorice. Round, smooth and<br>
full-bodied with fruity notes and a persistent aftertaste.</p>
",RECOMMENDED,"<p>COMBINATION WITH FOOD: Ideal with all dishes, in particular with pasta with meatsauce, stews and grilled red meat.</p>
",HIGLIGHTS,"<p>GRAPE VARIETY: 100% Primitivo di Manduria,&nbsp;</p>

<p>PRODUCTION AREA: Leporano</p>

<p>SERVE AT: 18 °C</p>

<p>ALC. 14,% VOL</p>

<p>ML. 750</p>
",,,,,,,,,,,,,
product_f77f70a9-f1ee-bd2b-dd34-4170d66944f0,Product,PAPALE LINEA ORO PRIMITIVO DI MANDURIA - D.O.P.,<p>&nbsp;</p>,fa1d60_1fe1cacd52854b8e9942eba53abf2803~mv2.png,All collections;Rauðvín;Varvaglione,,NÝTT,4890.0,,false,PERCENT,0.0,OutOfStock,,,,,,,,,,,,,,,,,,,,,DESCRIPTION,"<p>Vinification by maceration with controlled temperature at<br>
26°-28°C. After malolactic fermentation, aged in French<br>
barrels and American barriques for at least 10 months.</p>

<p>Fruit jam and wild berries aromas.<br>
Round and smooth.</p>
",RECOMMENDED,"<p>COMBINATION WITH FOOD: Perfect with red meat and game.</p>
",HIGLIGHTS,"<p>GRAPE VARIETY: 100% Primitivo di Manduria,&nbsp;</p>

<p>PRODUCTION AREA: Leporano</p>

<p>SERVE AT: 18 °C</p>

<p>ALC. 14,5% VOL</p>

<p>ML. 750</p>
",,,,,,,,,,,,,
product_3d4d3a8e-81a1-a831-68fc-92ed929ac9db,Product,Black Friday tilboð,Með hverjum keyptum kassa af Cabernet Sauvignon eða Pino Nero fylgir flaska af Serna,fa1d60_79d8e64c4f44451bae5bf737a8c2941d~mv2.jpg;fa1d60_af39775d963b432ca4c0bffd11de8862~mv2.png;fa1d60_0ca2eb7390584d5d887f0311fb3ed940~mv2.png;fa1d60_fb0339739f654e7c99bbc28d8f15a07c~mv2.png;81441e_4d05d7bfce2149a8bac182eeb8852552~mv2.jpg,Léttvínspakki frá Borgo Molínu;Borgo Molino Rauðvín;All collections;Borgo Molino;Gjafapakkar;Rauðvín,,Gjafapakki,16194.0,,false,PERCENT,0.0,InStock,,,,,,,,,,,,,,,,,,,,,DESCRIPTION,"<p>SERNA ROSSO I.G.T., MERUM ROSSO D.O.C. &amp;&nbsp;09 MILLESIMATO BRUT VALDOBBIADENE D.O.C.G</p>
",RECOMMENDED,"<p>Frábær gjöf fyrir öll tækifæri</p>
",HIGLIGHTS,"<p>www.lifsinsvatn.com/product-page/pinot-nero-i-g-t</p>

<p>www.lifsinsvatn.com/product-page/cabernet-sauvignon-d-o-c</p>

<p>www.lifsinsvatn.com/product-page/pinot-grigio-d-o-c-della-varezie</p>

<p>&nbsp;</p>
",,,,,,,,,,,,,
product_52db9015-37a6-7e63-20f5-853b12609243,Product,Vettvangsferðin: 3 flöskur af frábæru Prosecco,"<p>Þrjú af okkar bestu freyðivínum frá Borgo Molino. Um er að ræða vettvangsferð til Treviso héraðsins þar sem komið verður við í þremur frægustu Prosecco bæjunum.&nbsp; Vínin eru ólík, einstök hvert á sínu sviði.</p><p>&nbsp;</p><p>Öll vínin hafa hlotið gull verðlaun í sínum flokki í hinni virtu alþjóðlegu vínkeppni Mundus Vini en til að fá þau verðlaun þurfa vínin að fá að minnsta kosti 90 stig. Vínin hafa auk þess hlotið fjöldan allan af alþjóðlegum verðlaunum og viðurkenningum.&nbsp;</p><p>&nbsp;</p><p>Cartizze er það vín sem þeir bræður Pietro og Paolo Nardin, töframennirnir bak við&nbsp;Borgo Molino eru ákveðnir í að sé þeirra besta vín. Allar þrúgur eru týndar með höndunum í bröttum hlíðum við Cartizze smábæinn&nbsp;í Treviso. Vínið er frekar sætt og má í byrjun greina peru en svo opnast bragð-regnbogi enda er vínið margslungið og kemur á óvart.</p><p>&nbsp;</p><p>09 Millesimato DOCG er það freyðivín sem er almennt álitið besta freyðivínið af okkar viðskiptavinum hér á Íslandi. Þrúgurnar eru týndar í hlíðum Valdobbiadene sem er sennilega frægasti bærinn í Prosecco héraðinu. Vínið er þurrt og ferskt og einstaklega bragðgott. Millesimato er svokallað árgangavín sem þýðir að framleiðandinn hefur fundið árgang sem er einstakur og eru allar þrúgurnar í víninu af þeim árgangi, í þessu tilviki árið 2019.&nbsp;</p><p>&nbsp;</p><p>Asolo Prosecco Superiore D.O.C.G.&nbsp; Extra Brut kemur úr hlíðum Asolo bæjarins. Vínið er Extra Brut sem þýðir að það er mjög þurrt og hentar því vel þeim sem hafa vanist þurrari freyðivínum eins og Kampavínum sem eru oft frekar þurr. Vínið þykir vera í góðu jafnvægi og má finna epli og peru en líka gleði og hamingju eins og almennt þekkist með hin frábæru Prosecco freyðivín frá Treviso héraði Norður Ítalíu.&nbsp;</p><p>&nbsp;</p>",fa1d60_bb903b1a7a614118b6ef7ebbe4f15174~mv2.png;fa1d60_6c8618e2fea84939aafa990fe07bc32d~mv2.png;fa1d60_e20f958546d34891a3e98dfe48a9b4a5~mv2.jpg;fa1d60_8aae01a961d143d4861edc4f3718acfd~mv2.png;81441e_4d05d7bfce2149a8bac182eeb8852552~mv2.jpg,Léttvínspakki frá Borgo Molínu;All collections;Borgo Molino;Procecco;Gjafapakkar;Borgo Molino Prosecco,,Gjafapakki,13899.0,,true,PERCENT,0.0,InStock,,,,,,,,,,,,,,,,,,,,,DESCRIPTION,"<p>09 MILLESIMATO BRUT VALDOBBIADENE D.O.C.G</p>

<p>ASOLO PROSECCO SUPERIORE D.O.C.G. EXTRA BRUT</p>

<p>CARTIZZE VALDOBBIADENE D.O.C.G. DRY</p>
",RECOMMENDED,"<p>Frábær gjöf fyrir öll tækifæri</p>
",HIGLIGHTS,"<p>www.lifsinsvatn.com/product-page/millesimato-brut-valdobbiadene-d-o-c-g</p>

<p>www.lifsinsvatn.com/product-page/asolo-prosecco-superiore-d-o-c-g-brut</p>

<p>www.lifsinsvatn.com/product-page/cartizze-valdobbiadene-d-o-c-g-dry</p>
",,,,,,,,,,,,,
product_9e5727a3-fb76-f2cc-a060-b499e983fd6a,Product,Rosépakkinn: 3 flöskur af eðal Prosecco Rosé,"<p>Pakkinn inniheldur þrjár Prosecco Rosé frá Borgo Molino í fallegum viðarkassa.&nbsp;</p><p>Prosecco D.O.C. Rosé Extra dry&nbsp;er framleitt eins og hefðbundið Prosecco úr Glera þrúgunni en útí það er bætt 15% Pinot Nero. Auk þess að gefa víninu hinn fallega bleika lit gefur Pinot þrúgan víninu skemmtilegan keim af dökkum berjum s.s. hindberjum og kirsuberjum.&nbsp;</p><p>Motivo Rosé er unnið úr sömu þrúgum og Prosecco D.O.C. Rosé, þ.e Glera og Pinot Nero en&nbsp;til viðbótar er bætt við um 10%&nbsp; af Raboso þrúgum. Raboso þrúgan er talin vera nefnd eftir orðinu Raboxo úr fornu tungumáli Venetó búa en orðið þýðir ""Reiður"" og er talið að þrúgan hafi hlotið þetta heiti vegna þess hver rammt það er á tungu í ungu víni. ""Reiði"" er samt ekki orðið sem kemur upp í hugann þegar þrúgunni er blandað í Motivo Rosé heldur þvert á móti gleði og hamingja því þrúgan gefur víninu skemmtilegt eftirbragð, smá sætu og aðeins meiri fyllingu.&nbsp; Þá er flaskan einstaklega falleg, nánast kolsvört með djúp-bleikum miða.&nbsp;&nbsp;</p><p>&nbsp;</p>",fa1d60_cde68c92f6574583ab960aad19e4be7a~mv2.png;fa1d60_e048074582664417acdc563a0114929f~mv2.png;fa1d60_e8d36466832a492693d0ab346d1d7cdd~mv2.jpg,Léttvínspakki frá Borgo Molínu;All collections;Borgo Molino;Procecco;Gjafapakkar;Borgo Molino Prosecco,,Gjafapakki,11799.0,,true,PERCENT,0.0,InStock,,,,,,,,,,,,,,,,,,,,,DESCRIPTION,"<p>MOTIVO ROSÉ EXTRA DRY - 2 stk</p>

<p>PROSECCO DOC ROSÉ EXTRA DRY - 1stk</p>
",RECOMMENDED,"<p>Frábær gjöf fyrir öll tækifæri</p>
",HIGLIGHTS,"<p>www.lifsinsvatn.com/product-page/prosecco-doc-rosé-extra-dry</p>

<p>www.lifsinsvatn.com/product-page/motivo-rosé-extra-dry</p>
",,,,,,,,,,,,,
product_5802ff8c-c140-841c-3767-a5fcdb65f3b2,Product,"Gæðapakkinn- Cru Serna 932, Cru Merum 922 og  09 Millesimato","<p>Þrjú af okkar bestu gæða vínum frá Borgo Molino í fallegum viðarkassa.&nbsp;</p><p>&nbsp;</p><p>Um er að ræða tvær rauðvín, Serna 932 og Merum 922 og eina freyðivín, 09 Millesimato Valdobbiadene D.O.C.G.&nbsp;</p><p>&nbsp;</p><p>Öll vínin hafa hlotið gull verðlaun í sínum flokki í hinni virtu alþjóðlegu vínkeppni Mundus Vini en til að fá þau verðlaun þurfa vínin að fá að minnsta kosti 90 stig. Vínin hafa auk þess hlotið fjöldan allan af alþjóðlegum verðlaunum og viðurkenningum.&nbsp;</p><p>&nbsp;</p><p>Viðskiptavinir okkar hafa frá upphafi rifist um hvort vínið&nbsp;sé betra, Serna 932 eða Merum 922. Bæði vínin eru að unnin úr Cabernet Sauvignon þrúgunni&nbsp;og Merlot þrúgunni&nbsp;en þessum þrúgum er gjarnan&nbsp;blandað saman þar sem þær vega hvor aðra upp á einstakan hátt. Í Serna er auk þess bætt við Refosco þrúgunni en áður en&nbsp;hluti þeirra eru sólþurrkuð í 2 mánuði. Hin sólþurrkaða Refosco þrúga veitir víninu&nbsp; sætan kirsuberjakeim í bakgrunni sem er einkennandi fyrir þetta vín. Bæði vínin eru svo geymd á frönskum eikartunnum í tvö ár.&nbsp;</p><p>09 Millesimato D.O.C.G sem kemur úr hlíðum Valdobbiadene bæjarins í Treviso sem er sennilega frægasti bærinn í Prosecco héraðinu. Vínið&nbsp;er svokallað árgangavín. Ef vínbóndinn hittir á einstaklega góða uppsprettu eitt árið þá eru bestu þrúgurnar teknar til hliðar og búið til vín sem er eingöngu úr þrúgum þess árs og því víni gefið nafnið Millesimato&nbsp;( komið af franska orðinu millésime sem þýðir ""ár""). Í þessu tilfelli var það árið 2019 sem gaf þessa góðu uppskeru og eru viðskiptavinir okkar flestir á því að þetta sé sennilega besta Proseccóið frá Borgo Molino hingað til.&nbsp;</p><p>&nbsp;</p>",fa1d60_f2ba39e59ac846d7b860a28f184649ce~mv2.png;fa1d60_af39775d963b432ca4c0bffd11de8862~mv2.png;fa1d60_dd67cc4b53ca4161adc24268a1073671~mv2.jpg;fa1d60_46761cb654cc496f9bf4bfc27b7399c5~mv2.png;81441e_4d05d7bfce2149a8bac182eeb8852552~mv2.jpg,Léttvínspakki frá Borgo Molínu;Borgo Molino Rauðvín;All collections;Borgo Molino;Gjafapakkar;Rauðvín,,Gjafapakki,15899.0,,true,PERCENT,0.0,InStock,,,,,,,,,,,,,,,,,,,,,DESCRIPTION,"<p>SERNA ROSSO I.G.T., MERUM ROSSO D.O.C. &amp;&nbsp;09 MILLESIMATO BRUT VALDOBBIADENE D.O.C.G</p>
",RECOMMENDED,"<p>Frábær gjöf fyrir öll tækifæri</p>
",HIGLIGHTS,"<p>www.lifsinsvatn.com/product-page/pinot-nero-i-g-t</p>

<p>www.lifsinsvatn.com/product-page/cabernet-sauvignon-d-o-c</p>

<p>www.lifsinsvatn.com/product-page/pinot-grigio-d-o-c-della-varezie</p>

<p>&nbsp;</p>
",,,,,,,,,,,,,
product_1e344c98-2c37-2410-5510-8be06ae1f26b,Product,Léttvínspakkinn: 2 x Rauðvín & 1 x Hvítvín,"<p>Gjafapakki með frábærum vínum frá Borgo Molino í fallegum viðarkassa.</p><p>&nbsp;</p><p>Þessi pakki inniheldur Pinot Nero, Pinot Grigio og Cabernet Sauvignon. Þessi vín hafa slegið í gegn hjá okkar viðskiptavinum. Eru öll frekar létt og auðveld vín sem henta við öll tækifæri.&nbsp;</p>",fa1d60_3f22ac911f9a45d28aff3e94851dd990~mv2.png;fa1d60_0ca2eb7390584d5d887f0311fb3ed940~mv2.png;fa1d60_fb0339739f654e7c99bbc28d8f15a07c~mv2.png;fa1d60_036e03bdf26e4786a87137beff693ef9~mv2.png,Léttvínspakki frá Borgo Molínu;Borgo Molino Rauðvín;All collections;Hvítvín;Borgo Molino;Gjafapakkar;Rauðvín,,Gjafapakki,11990.0,,true,PERCENT,0.0,InStock,,,,,,,,,,,,,,,,,,,,,DESCRIPTION,"<p>SCURI PINOT NERO, SCURI&nbsp;CABERNET SAUVIGNON &amp; CIARI&nbsp;PINO GRIGIO,</p>
",RECOMMENDED,"<p>Frábær gjöf fyrir öll tækifæri</p>
",HIGLIGHTS,"<p>www.lifsinsvatn.com/product-page/pinot-nero-i-g-t</p>

<p>www.lifsinsvatn.com/product-page/cabernet-sauvignon-d-o-c</p>

<p>www.lifsinsvatn.com/product-page/pinot-grigio-d-o-c-della-varezie</p>

<p>&nbsp;</p>
",,,,,,,,,,,,,
product_192cca9f-b5af-333f-a0da-d86d492ac2a5,Product,MILLESIMATO BRUT VALDOBBIADENE D.O.C.G JEROBOAM,"<p>3L flaska af 09 Millesimato freyðivíninu frá Borgo Molino. Þetta er frábært freyðivín, tilvalið fyrir áramótapartýið. Kemur í viðarkassa með handfangi.</p><p>&nbsp;</p><p>09 Millesimato DOCG er það freyðivín sem er almennt álitið besta freyðivínið af okkar viðskiptavinum hér á Íslandi. Þrúgurnar eru týndar í hlíðum Valdobbiadene sem er sennilega frægasti bærinn í Prosecco héraðinu. Vínið er þurrt og ferskt og einstaklega bragðgott. Millesimato er svokallað árgangavín sem þýðir að framleiðandinn hefur fundið árgang sem er einstakur og eru allar þrúgurnar í víninu af þeim árgangi, í þessu tilviki árið 2019.</p>",fa1d60_06e4b465f402466f806b579277b2ac3a~mv2.png,Léttvínspakki frá Borgo Molínu;All collections;Borgo Molino;Procecco;Gjafapakkar;Borgo Molino Prosecco,4,JEROBOAM,20900.0,,true,PERCENT,0.0,InStock,,,,,,,,,,,,,,,,,,,,,DESCRIPTION,"<p>DESCRIPTION: SELECTED GLERA GRAPES GROWN ON THE CRU HILLS OF VALDOBBIADENE, COMBINED WITH THE SLOW BUBBLE-FORMING PROCESS<br>
(“PRESA DI SPUMA”) CREATES A BRUT SPARKLING WINE WITH A BRILLIANT STRAW YELLOW COLOR WITH SOFT GREEN HEWS.<br>
FINE AND DELICATE FRUITY BOUQUET, REMINISCENT OF MEADOW FLOWERS AND A HINT OF APPLE AND PEAR.</p>
",RECOMMENDED,"<p>RECOMMENDED COMBINATION WITH FOOD: EXCELLENT AS AN APERITIF, IT IS A PERFECT PARTNER FOR FISH STARTERS AND LIGHT MEALS.</p>
",HIGHLIGHTS,"<p>PRODUCTION AREA: VALDOBBIADENE</p>

<p>GRAPE VARIETY: GLERA</p>

<p>SERVE AT: 6-8 °C.</p>

<p>ALC. 11,5% VOL</p>

<p>ML. 3000</p>
",,,,,,,,,,,,,
product_453f80f4-4738-d51e-a13b-c4b6123bb487,Product,Prufupakkinn kynningartilboð,"<p>VINUCI Prufupakkinn Samanstendur af 4 tegundum af áfengislausa léttvíninu frá VINUCI. Fruttato Sauvignon Blanc hvítvín , Deciso&nbsp;Riesling hvítvín, Floreale Sparkling Rose Freyðivín og Allegro Sparkling Riesling Freyðivín.Pantar allar fjórar flöskurnar en borgar fyrir þrjár. Bjóðum einnig uppá heimsendingu fyrir 1500kr auka</p>",fa1d60_48ea9d3c34c64a7385d7baeb0deb7ec1~mv2.jpg;fa1d60_8b07fe4a0dcf47068a6509fb038cb3de~mv2.png;fa1d60_3c60c15ad02a418ca0a29348a1ffbfb0~mv2.png;fa1d60_6e2e0c2547f842c9a6a373bd41ed0d12~mv2.png;fa1d60_6e9320073af64e3c9681f64a709223a5~mv2.png,VINUCI;Án Alcohol,,VINUCI  PRUFUPAKKINN,7960.0,,false,PERCENT,25.0,InStock,,,,,,,,,,,,,,,,,,,,,,,,,,,,,,,,,,,,,,,
product_543f8552-0d76-3867-8322-d44e9efc07d2,Product,VALDOBBIADENE PROSECCO SUPERIORE D.O.C.G. BRUT,<p>&nbsp;</p>,fa1d60_2b5daab745c14117a73b13beb2825c95~mv2.png,Borgo Molino;All collections;Borgo Molino Prosecco;Procecco,,,3190.0,,true,PERCENT,0.0,InStock,,,,,,,,,,,,,,,,,,,,,DESCRIPTION,"<p>DESCRIPTION:</p>

<p>&nbsp;BRUT SPARKLING WINE OBTAINED FROM EXCLUSIVE SELECTION OF THE BEST GLERA GRAPES PRODUCED ON THE VALDOBBIADENE HILLS. STRAW-YELLOW COLOR, FINE, PERSISTENT PERLAGE, FRUITY, FLOREAL AND ELEGANT TASTE, WITH A SAPID AND HARMONIC FINAL.</p>
",RECOMMENDED,"<p>RECOMMENDED COMBINATION WITH FOOD: WELL PAIRED WITH FISH DISHES, CRUSTACEANS, RISOTTI, WHITE MEATS. ALSO EXCELLENT AS APERITIF. EVEN OUTSIDE MEAL, HE REVEALS ALL OF HIS PRESTIGIOUS AND UNMISTAKABLE PERSONALITY.SERVE AT: 6-8 °C.&nbsp; &nbsp; &nbsp; &nbsp;ALC. 11,5% VOL ML. 750 COD. 14</p>
",HIGHLIGHTS,"<p>PRODUCTION AREA: VALDOBBIADENE</p>

<p>GRAPE VARIETY: GLERA</p>

<p>SERVE AT: 6-8 °C.</p>

<p>ALC. 11,5% VOL</p>

<p>ML. 750</p>

<p>SERVE AT: 6-8 °C.&nbsp; &nbsp; &nbsp; &nbsp;ALC. 11,5% VOL ML. 750 COD. 14</p>
",,,,,,,,,,,,,
product_1076e1d2-5817-6086-e73b-bbd35dd9ef45,Product,09 Valdobbiadene Rive di Guia Brut D.O.C.G Magnum,<p>&nbsp;</p>,fa1d60_6c8618e2fea84939aafa990fe07bc32d~mv2.png,Borgo Molino;All collections;Borgo Molino Prosecco;Procecco,,Magnum,7900.0,,true,PERCENT,0.0,InStock,,,,,,,,,,,,,,,,,,,,,DESCRIPTION,"<p>DESCRIPTION: SELECTED GLERA GRAPES GROWN ON THE CRU HILLS OF VALDOBBIADENE, COMBINED WITH THE SLOW BUBBLE-FORMING PROCESS<br>
(“PRESA DI SPUMA”) CREATES A BRUT SPARKLING WINE WITH A BRILLIANT STRAW YELLOW COLOR WITH SOFT GREEN HEWS.<br>
FINE AND DELICATE FRUITY BOUQUET, REMINISCENT OF MEADOW FLOWERS AND A HINT OF APPLE AND PEAR.</p>
",RECOMMENDED,"<p>RECOMMENDED COMBINATION WITH FOOD: EXCELLENT AS AN APERITIF, IT IS A PERFECT PARTNER FOR FISH STARTERS AND LIGHT MEALS.</p>
",HIGHLIGHTS,"<p>PRODUCTION AREA: VALDOBBIADENE</p>

<p>GRAPE VARIETY: GLERA</p>

<p>SERVE AT: 6-8 °C.</p>

<p>ALC. 11,5% VOL</p>

<p>ML. 1500</p>
",,,,,,,,,,,,,
product_02224541-1c61-9616-6da8-45507e081662,Product,PROSECCO DOC ROSÉ EXTRA DRY PICCOLO,<p>&nbsp;</p>,fa1d60_d7117a5a2f8f4ba79ff859d8ae0fc640~mv2.png,Borgo Molino;All collections;Borgo Molino Prosecco;Procecco,,,899.0,,true,PERCENT,0.0,InStock,,,,,,,,,,,,,,,,,,,,,DESCRIPTION,"<p>Delicate and fragrant bouquet, pleasantly fruity with marked&nbsp;<br>
hints of fruit such as strawberry, raspberry, cherry and floral&nbsp;<br>
notes such as rose.&nbsp;</p>
",RECOMMENDED,"<p>RECOMMENDED COMBINATION WITH FOOD: Perfect as an aperitif and between meals. Exceptional combined with fish-based menus. It also goes well with white meats and fresh cheeses.</p>
",HIGHLIGHTS,"<p>GRAPE VARIETY: 85% Glera, 15% Pinot Nero</p>

<p>PRODUCTION AREA: Prosecco</p>

<p>SERVE AT: 6-8 °C</p>

<p>ALC. 11% VOL</p>

<p>SUGAR CONTENT:&nbsp;13&nbsp;gr/l</p>

<p>ML. 200</p>
",,,,,,,,,,,,,
product_002d141f-e655-2f99-e47e-5fdf8e105563,Product,PROSECCO DOC ROSÉ EXTRA DRY,<p>&nbsp;</p>,fa1d60_a1922e5bbbf64ffabbd7b868432fb6e8~mv2.png,Borgo Molino;All collections;Borgo Molino Prosecco;Procecco,,Vinsælt,2950.0,,true,PERCENT,0.0,InStock,,,,,,,,,,,,,,,,,,,,,DESCRIPTION,"<p>Delicate and fragrant bouquet, pleasantly fruity with marked&nbsp;<br>
hints of fruit such as strawberry, raspberry, cherry and floral&nbsp;<br>
notes such as rose.&nbsp;</p>
",RECOMMENDED,"<p>RECOMMENDED COMBINATION WITH FOOD: Perfect as an aperitif and between meals. Exceptional combined with fish-based menus. It also goes well with white meats and fresh cheeses.</p>
",HIGHLIGHTS,"<p>GRAPE VARIETY: 85% Glera, 15% Pinot Nero</p>

<p>PRODUCTION AREA: Prosecco</p>

<p>SERVE AT: 6-8 °C</p>

<p>ALC. 11% VOL</p>

<p>SUGAR CONTENT:&nbsp;13&nbsp;gr/l</p>

<p>ML. 750</p>
",,,,,,,,,,,,,
product_566463ae-8525-178c-25b5-ec05a335da63,Product,09 MILLESIMATO BRUT VALDOBBIADENE D.O.C.G,<p>&nbsp;</p>,fa1d60_d964b79b40ec49b28c8a4337d1b269ca~mv2.png,Borgo Molino;All collections;Borgo Molino Prosecco;Procecco,,Hæstu gæði,3199.0,,true,PERCENT,0.0,InStock,,,,,,,,,,,,,,,,,,,,,DESCRIPTION,"<p>DESCRIPTION: SELECTED GLERA GRAPES GROWN ON THE CRU HILLS OF VALDOBBIADENE, COMBINED WITH THE SLOW BUBBLE-FORMING PROCESS<br>
(“PRESA DI SPUMA”) CREATES A BRUT SPARKLING WINE WITH A BRILLIANT STRAW YELLOW COLOR WITH SOFT GREEN HEWS.<br>
FINE AND DELICATE FRUITY BOUQUET, REMINISCENT OF MEADOW FLOWERS AND A HINT OF APPLE AND PEAR.</p>
",RECOMMENDED,"<p>RECOMMENDED COMBINATION WITH FOOD: EXCELLENT AS AN APERITIF, IT IS A PERFECT PARTNER FOR FISH STARTERS AND LIGHT MEALS.</p>
",HIGHLIGHTS,"<p>PRODUCTION AREA: VALDOBBIADENE</p>

<p>GRAPE VARIETY: GLERA</p>

<p>SERVE AT: 6-8 °C.</p>

<p>ALC. 11,5% VOL</p>

<p>SUGAR CONTENT:&nbsp;10,5 gr/l</p>

<p>ML. 750</p>
",,,,,,,,,,,,,
product_263471a1-4d5e-db53-7bca-f97670b0950f,Product,Speziato,<p>&nbsp;</p>,81441e_11d8302a55c347ea8ea84eba68fac762~mv2.jpg;fa1d60_7a51eaf74e9940a89c59aa2c871e3584~mv2.jpg;fa1d60_75e8df3f195b4e579c9af8947681ef81~mv2.jpg,Án Alcohol;VINUCI;All collections,,0% ALC,2499.0,,false,PERCENT,20.0,0,0.9,,,,,,,,,,,,,,,,,,,,UM VINUCI,"<p>Vinuci er nýr ítalskur framleiðandi sem framleiðir áfengislaust léttvín úr bestu fáanlegu hráefnum. Vínin frá&nbsp;Vinuci eru framleidd með nýrri tækni þar sem áfengið er látið gufa upp úr víninu undir lofttæmi. Með þessari nýju tækni tækni&nbsp;tekst að halda ná áfenginu úr víninu án þess að hafa áhrif á bragðgæði.</p>
",DESCRIPTION,"<p>Our WINTER GLOW with mulled wine spices&nbsp; keeps the promise and shows deep dark purple color with lush scent of red wine and winter spices, like cherry, clove, cinnamon, cardamom and anise. It is a full-bodied typical mulled wine with a soft, velvety texture, warm and mild in the finish. Heat gently, do not boil, serve hot! Or reinvent it serving it COLD!</p>
",RECOMMENDED,"<p>Winter Glow is perfect during cold winters and Cristmas time but also greate with a variety of food. It is both sweet and spicy and can be served either gently heated or cold.</p>
",HIGHLIGHTS,"<p><strong>Grapes: A variety of grapes.</strong></p>

<p>Production Area: Germany</p>

<p>Serve at: 6-8C</p>

<p>Alc. &lt;0,5% VOL</p>

<p>ml. 750</p>
",,,,,,,,,,,
product_3565095a-2895-2c7a-3a4b-6a069d77f01a,Product,Floreale Sparkling Rosé,<p>&nbsp;</p>,8d480d_59575a6986ce4d8fbd0418dfc23af267~mv2.png;8d480d_8c533a2d88764dbd917368601d5fc5b7~mv2.jpg,Án Alcohol;VINUCI;All collections,,0% ALC,1790.0,,true,PERCENT,0.0,InStock,0.9,990.0,,,,,,,,,,,,,,,,,,,UM VINUCI,"<p>Vinuci er nýr ítalskur framleiðandi sem framleiðir áfengislaust léttvín úr bestu fáanlegu hráefnum. Vínin frá&nbsp;Vinuci eru framleidd með nýrri tækni þar sem áfengið er látið gufa upp úr víninu undir lofttæmi. Með þessari nýju tækni tekst að halda ná áfenginu úr víninu án þess að hafa áhrif á bragðgæði.</p>
",DESCRIPTION,"<p>Our Sparkling Rosè brings a mild and delicately fragrant with a fresh, fruity taste and more finely nuanced, with flowers and red berries. An easy drinking wine that’s refreshing on hot days. Best served well chilled (approx. 6° to 8° C)</p>
",RECOMMENDED,"<p>From rich, meat-heavy meals to lighter vegetarian or vegan options, this pink sparkling wine has acidic qualities that complement a variety of meals.</p>
",HIGHLIGHTS,"<p>Serve at: 6-8C</p>

<p>Alc. &lt;0,5% VOL</p>

<p>ml. 750</p>
",,,,,,,,,,,
product_2c744318-55db-61c6-67d7-8f6f9b5a8625,Product,Fruttato Sauvignon Blanc,<p>&nbsp;</p>,fa1d60_8b07fe4a0dcf47068a6509fb038cb3de~mv2.png;fa1d60_29a229727c0e4a33b23a418908a0088e~mv2.png,Án Alcohol;VINUCI;All collections,,0% ALC,1790.0,,false,PERCENT,0.0,OutOfStock,0.9,,,,,,,,,,,,,,,,,,,,UM VINUCI,"<p>Vinuci er nýr ítalskur framleiðandi sem framleiðir áfengislaust léttvín úr bestu fáanlegu hráefnum. Vínin frá&nbsp;Vinuci eru framleidd með nýrri tækni þar sem áfengið er látið gufa upp úr víninu undir lofttæmi. Með þessari nýju tækni tækni&nbsp;tekst að halda ná áfenginu úr víninu án þess að hafa áhrif á bragðgæði.</p>
",DESCRIPTION,"<p>Our Sauvignon Blanc with its bold herbaceous aromas of lime, grapefruit and gooseberry is made up of a unique combination of color, flavors, aromas, and structure. These flavors come from aromatic compounds called pyrazines and are the secret to it’s outstanding taste.&nbsp;Best served well chilled (approx. 6° to 8° C)</p>
",RECOMMENDED,"<p>This is a dry refreshing white wine making it the perfect wine to enjoy on a hot, sunny day. It pairs well with seafood and white meat that are lightly seasoned and is a good companion for cheese.&nbsp;</p>
",HIGHLIGHTS,"<p><strong>Grapes: Sauvignon Blanc</strong></p>

<p>Serve at: 6-8C</p>

<p>Alc. &lt;0,5% VOL</p>

<p>ml. 750</p>
",,,,,,,,,,,
product_17f6226f-866d-4bb3-eed8-23a6efb909a5,Product,Deciso Riesling,<p>&nbsp;</p>,8d480d_bdab2afa761a4eb594eb2daab1769f00~mv2.png;8d480d_660b5647a2dd4416b50a7a49f187f1ec~mv2.png,Án Alcohol;VINUCI;All collections,,0% ALC,1790.0,,true,PERCENT,0.0,InStock,0.9,,,,,,,,,,,,,,,,,,,,UM VINUCI,"<p>Vinuci er nýr ítalskur framleiðandi sem framleiðir áfengislaust léttvín úr bestu fáanlegu hráefnum. Vínin frá&nbsp;Vinuci eru framleidd með nýrri tækni þar sem áfengið er látið gufa upp úr víninu undir lofttæmi. Með þessari nýju tækni tekst að halda ná áfenginu úr víninu án þess að hafa áhrif á bragðgæði.</p>
",DESCRIPTION,"<p>Our dry Riesling, carefully selected from the best wineries in the wine growing regions in Germany, charms the palate with delicate fruits, a balanced interplay of sweetness and acidity, and a fine minerality. An aromatic, deliciously refreshing wine that tastes like the nectar of apples, apricots, peaches and a hint of honeycomb. Best served well chilled (approx. 6° to 8° C)</p>
",RECOMMENDED,"<p>An uncomplicated, everyday pleasure, our Riesling pairs well with all food types.</p>
",HIGHLIGHTS,"<p><strong>Grapes: Riesling</strong></p>

<p>Serve at: 6-8C</p>

<p>Alc. &lt;0,5% VOL</p>

<p>ml. 750</p>
",,,,,,,,,,,
product_cf135db3-2224-e394-b60b-bf12a76f4580,Product,Allegro Sparkling Riesling,<p>&nbsp;</p>,8d480d_aa956cde2ea34c4cb5eaab2a10c58d8d~mv2.png;8d480d_89c2f93abfab4378a2778024794694e7~mv2.png,Án Alcohol;VINUCI;All collections,,0% ALC,1790.0,,true,PERCENT,0.0,InStock,0.9,,,,,,,,,,,,,,,,,,,,UM VINUCI,"<p>Vinuci er nýr ítalskur framleiðandi sem framleiðir áfengislaust léttvín úr bestu fáanlegu hráefnum. Vínin frá&nbsp;Vinuci eru framleidd með nýrri tækni þar sem áfengið er látið gufa upp úr víninu undir lofttæmi. Með þessari nýju tækni tekst að halda ná áfenginu úr víninu án þess að hafa áhrif á bragðgæði.</p>
",DESCRIPTION,"<p>Our sparkling Riesling comes with intense aromas of peach and apricot underpinned with touches of citrus, pineapple, and minerality. With brilliant acidity and intense fruit flavors, our base wine Riesling is a variety that really lends itself to the production of sparkling wines.&nbsp;Best served well chilled (approx. 6° to 8° C)</p>
",RECOMMENDED,"<p>This versatile sparkling wine can be paired with many types of food from appetizers, to entrees to desserts.</p>
",HIGHLIGHTS,"<p><strong>Grapes: Riesling</strong></p>

<p>Serve at: 6-8C</p>

<p>Alc. &lt;0,5% VOL</p>

<p>ml. 750</p>
",,,,,,,,,,,
product_5a4e7c86-603f-b906-6859-3143269c1b15,Product,Cabernet Sauvignon 2018,<p>&nbsp;</p>,fa1d60_808478c2cc9f49479926cda1dfee8008~mv2.jpg,All collections;Hofstatter;Væntanleg Vín,,NÝTT,4099.0,,true,PERCENT,0.0,OutOfStock,,,,,,,,,,,,,,,,,,,,,DESCRIPTION,"<p>Deep, dark ruby. Dark spice and pleasant herbaceous notes open generously in the glass. Robust on the palate with spicy wood and sweet black fruit leading to a monumental finish underpinned by a remarkable tannin structure.</p>
",RECOMMENDED,"<p>Excellent with beef,&nbsp;lamb, game, and mature cheeses.</p>
",HIGLIGHTS,"<p><strong>Grapes: Cabernet Sauvignon</strong></p>

<p>PRODUCTION AREA: Trentino-Alto Adige</p>

<p>SERVE AT: 15-17°C</p>

<p>ALC. 13,5&nbsp;% VOL</p>

<p>ML. 750</p>
",,,,,,,,,,,,,
product_d2dd61a7-9fad-4208-b901-d419a7aa043f,Product,Merlot 2019,<p>&nbsp;</p>,fa1d60_bd64115c981e4c6887b2042654627bea~mv2.jpg,All collections;Hofstatter;Væntanleg Vín,,NÝTT,4099.0,,true,PERCENT,0.0,OutOfStock,,,,,,,,,,,,,,,,,,,,,DESCRIPTION,"<p>Intense ruby with an opaque core. Compact and concentrated with an opulent, warm array of aromas reminiscent of blackberry jelly and heather. On the palate the wine reveals vinous aromas combined with a firm, elegant tannic structure, moving on to a long, persistent finish.</p>
",RECOMMENDED,"<p>Excellent with grilled red meat and hearty, full flavoured dishes.</p>
",HIGLIGHTS,"<p><strong>Grapes: Merlot</strong></p>

<p>PRODUCTION AREA: Trentino-Alto Adige</p>

<p>SERVE AT: 15-17°C</p>

<p>ALC. 13,5&nbsp;% VOL</p>

<p>ML. 750</p>
",,,,,,,,,,,,,
product_747489b7-51cb-99f7-171a-37795a2cfb30,Product,"Pinot Nero ""Meczan"" 2019",<p>&nbsp;</p>,fa1d60_e267a6afc888455d9907ae03c43e8144~mv2.jpg,All collections;Hofstatter;Væntanleg Vín,,NÝTT,4099.0,,true,PERCENT,0.0,OutOfStock,,,,,,,,,,,,,,,,,,,,,DESCRIPTION,"<p>The Meczan Pinot Nero is distinguished by its unmistakable varietal character, its distinctive aroma and fruity character. The colour is bright ruby with garnet highlights. The refreshing, stimulating bouquet exudes seductive notes of wild forest berries and cherries. On the palate, the Meczan is harmonious, sappy and mellow with impressive fruit.</p>
",RECOMMENDED,"<p>Wild fowl, roasts, and pasta with meat sauces.</p>
",HIGLIGHTS,"<p><strong>Grapes: Pinot Noir</strong></p>

<p>PRODUCTION AREA: Trentino-Alto Adige</p>

<p>SERVE AT: 12-14°C</p>

<p>ALC. 12,5&nbsp;% VOL</p>

<p>ML. 750</p>
",,,,,,,,,,,,,
product_3027102e-0b61-4ce8-ca9f-6ab84627b02b,Product,PINOT GRIGIO,<p>&nbsp;</p>,fa1d60_9bc48f00d41c4b94a9385df348a79a50~mv2.png,All collections;Hofstatter;Væntanleg Vín,,NÝTT,3799.0,,true,PERCENT,0.0,OutOfStock,,,,,,,,,,,,,,,,,,,,,DESCRIPTION,"<p>Brilliant straw yellow. The multifaceted bouquet exhibits aromatic fruity aromas led by intense notes of juicy pear. Well structured on the palate with a superbly balanced play between pleasant spice, fruit and acidity.</p>
",RECOMMENDED,"<p>Food&nbsp;pairings</p>

<p>Pasta and fish appetisers.</p>
",HIGLIGHTS,"<p><strong>Grapes: Pinot Grigio</strong></p>

<p>PRODUCTION AREA: Alto Adige/Sudtirol DOC</p>

<p>SERVE AT: 8-10°C</p>

<p>ALC. 13,5% VOL</p>

<p>ML. 750</p>
",,,,,,,,,,,,,
product_ad375a82-4073-e87b-f965-68fe66fcbd28,Product,Valpolicella Classico Superiore Val 2017,<p>&nbsp;</p>,fa1d60_ec801bb25bbc43d3b10fe753e0889a21~mv2.png,All collections;Zymé;Væntanleg Vín,,uppselt,6599.0,,true,PERCENT,0.0,OutOfStock,,,,,,,,,,,,,,,,,,,,,DESCRIPTION,"<p>Intense ruby red, glycerine-rich.</p>

<p>Notes of ripe cherry, morello cherry, and semi-dried&nbsp;plum.</p>

<p>&nbsp;</p>

<p>Smooth&nbsp;and seductive, with an appealing sapidity and impressions of ripe&nbsp;fruit&nbsp;and spice.</p>

<p><strong>Recommended glass: B</strong>alloon-shaped</p>
",RECOMMENDED,"<p>Accompanies cold cuts, medium-aged cheeses, soups, and lighter meats.</p>
",HIGLIGHTS,"<p><strong>Grapes: Composed of 4&nbsp;different grapes:&nbsp;</strong>40% Corvina, 25% Rondinella, 30% Corvinone, 5% Oseleta</p>

<p>PRODUCTION AREA: Veneto&nbsp;</p>

<p>SERVE AT: 16-18°C</p>

<p>ALC. 13,5% VOL</p>

<p>ML. 750</p>
",,,,,,,,,,,,,
product_8b363377-ecea-d9db-7279-03c35a1cb32c,Product,Amarone della Valpolicella Classico 2015,<p>&nbsp;</p>,fa1d60_5c21cb06c76c4b6fa8188b78aef20468~mv2.png,All collections;Zymé;Væntanleg Vín,,uppselt,16799.0,,true,PERCENT,0.0,OutOfStock,,,,,,,,,,,,,,,,,,,,,DESCRIPTION,"<p>Intense ruby red, glycerine-rich, tending towards garnet with ageing.</p>

<p>Notes of ripe cherry and morello cherry, semi-dried&nbsp;plum, and spices.</p>

<p>Enters with appealing savouriness, mirroring the fragrances on the&nbsp;nose&nbsp;and adding&nbsp;fruit&nbsp;preserves; with ageing, the&nbsp;palate&nbsp;lengthens, off ering&nbsp;delicate&nbsp;impressions of pepper, black&nbsp;liquorice&nbsp;and cocoa powder.</p>

<p><strong>Recommended glass: B</strong>alloon-shaped</p>
",RECOMMENDED,"<p>At its best with roasts and boiled meats, aged cheeses such as Parmigiano Reggiano or Grana Padano. Enjoyed on its own or at meal’s end, it is superb.</p>
",HIGLIGHTS,"<p><strong>Grapes: Composed of 5&nbsp;different grapes:&nbsp;</strong>40% Corvina, 5% Croatina, 15% Rondinella, 30% Corvinone, 10% Oseleta</p>

<p>PRODUCTION AREA: Veneto&nbsp;</p>

<p>SERVE AT: 18-20°C</p>

<p>ALC. 15,5% VOL</p>

<p>ML. 750</p>
",,,,,,,,,,,,,
product_878458f4-ac1d-519d-c3e5-01b8333c93e9,Product,Harlequin Zymé 2011,<p>&nbsp;</p>,fa1d60_5e2860fb71c64b0ba0fb6299e76baa8a~mv2.png,All collections;Zymé;Rauðvín,,Hæstu gæði,42599.0,,true,PERCENT,0.0,InStock,,,,,,,,,,,,,,,,,,,,,DESCRIPTION,"<p>Bright ruby red with garnet hues. Dense and complex, rich in flowers and red fruit, with boisé and mineral notes. Juicy and full-bodied, smooth and well-balanced, very rich and complex, with fine tannins</p>

<p><strong>Recommended glass: B</strong>alloon-shaped</p>
",RECOMMENDED,"<p>Red Meat Stew,&nbsp;Pasta Bolognese,&nbsp;Roasted and Grilled Meat,&nbsp;Game and&nbsp;Aged Cheese</p>
",HIGLIGHTS,"<p><strong>Grapes: Composed of 17 diff erent grapes:&nbsp;</strong>Garganega, Trebbiano toscano, Sauvignon Blanc, Chardonnay, Corvina, Corvinone, Rondinella, Cabernet Sauvignon, Cabernet Franc, Merlot, Syraz, Teroldego, Croatina, Oseleta, Sangiovese, Marzemino</p>

<p>PRODUCTION AREA: Veneto IGT</p>

<p>SERVE AT: 18-20°C</p>

<p>ALC. 15,0% VOL</p>

<p>ML. 750</p>
",,,,,,,,,,,,,
product_c4b0db31-b3d3-33e3-79a0-7dead8e28e50,Product,Zyme Kairos 2017,<p>&nbsp;</p>,fa1d60_44f9177519fd410196b8fed138cc3cc3~mv2.png,All collections;Zymé;Rauðvín,,Vinsælt,11600.0,,true,PERCENT,0.0,InStock,,,,,,,,,,,,,,,,,,,,,DESCRIPTION,"<p>Luminous, with greenish and pale yellow highlights. Impressive glycerol-derived viscosity.</p>

<p>Delicate notes of spring wildfl owers, fruit, and country herbs; acacia, primrose, Golden Delicious apple, pink grapefruit, mint, vanilla, elderfl ower. Delicate and elegant, with perfectly-balanced aromatics<br>
<strong>Palate:&nbsp;</strong>seductive, rich, complex, tangy, minerally, very lengthy</p>

<p><strong>Recommended glass:&nbsp;</strong>tulip-or balloon-shaped stemmed glass</p>
",RECOMMENDED,"<p>Luminous,dense ruby red,with garnethig hlights as it ages. Glycerine-rich&nbsp;viscosity. A mosaic of&nbsp;fruit, blossoms, and&nbsp;earthy&nbsp;mineral, alternating with each other.&nbsp;An impression of enfolding richness and complexity. Fruit, spices, and higher alcohols alternate with fruit marmalade and forest floor, followed by pipe tobacco, cinnamon, nutmeg and clove, combining with a vein of minerality to put on display the tremendous depth of this wine. It concludes with great length and an appealing note of sweetness.</p>
",HIGLIGHTS,"<p><strong>Grapes: Composed of 15 diff erent grapes:&nbsp;</strong>Cabernet Franc, Cabernet Sauvignon, Chardonnay, Corvina, Croatina, Garganega, Marzemino, Merlot, Rondinella, Sangiovese, Sauvignon, Syrah, Teroldego, Trebbiano Toscano, Corvinone, Oseleta</p>

<p>PRODUCTION AREA: Veneto</p>

<p>SERVE AT: 10-12°C</p>

<p>ALC. 15,0% VOL</p>

<p>ML. 750</p>
",,,,,,,,,,,,,
product_7a6d8d01-0b95-ef27-7508-bdbb9e644809,Product,"ZYMÉ ""FROM BLACK TO WHITE"" IL BIANCO BIANCO VENETO IGP 2018",<p>&nbsp;</p>,fa1d60_b5ffcf0e122c40b4838fd9bfd56d6e15~mv2.png,All collections;Zymé;Væntanleg Vín,,uppselt,4999.0,,false,PERCENT,0.0,OutOfStock,,,,,,,,,,,,,,,,,,,,,DESCRIPTION,"<p>Luminous, with greenish and pale yellow highlights. Impressive glycerol-derived viscosity.</p>

<p>Delicate notes of spring wildfl owers, fruit, and country herbs; acacia, primrose, Golden Delicious apple, pink grapefruit, mint, vanilla, elderfl ower. Delicate and elegant, with perfectly-balanced aromatics<br>
<strong>Palate:&nbsp;</strong>seductive, rich, complex, tangy, minerally, very lengthy</p>

<p><strong>Recommended glass:&nbsp;</strong>tulip-or balloon-shaped stemmed glass</p>
",RECOMMENDED,"<p>Excellent as an aperitif wine, it is delicious as well with shellfish, fish, risotto and asparagus, chard, and soups</p>
",HIGLIGHTS,"<p><strong>Grapes:&nbsp;</strong>60% Rondinella Bianca, 15% Gold Traminer, 15% Kerner, 10% Incrocio Manzoni</p>

<p>PRODUCTION AREA: Negrar, Illasi, Tregnago - Verona</p>

<p>SERVE AT: 10-12°C</p>

<p>ALC. 13,0% VOL</p>

<p>ML. 750</p>
",,,,,,,,,,,,,
product_da681633-3d9b-fd73-0471-4fa3c22eaf98,Product,LA BELLE Malvasia Terre di Chieti IGP,<p>&nbsp;</p>,fa1d60_bdd60f8b3f4d46d99c906f5f57e97133~mv2.png;fa1d60_ac6ebac7c7644a9eab356a693b6f8e0c~mv2.png,Lunaria Orsogna;Væntanleg Vín;All collections;Lífrænt  Ræktað,,Lífrænt ræktað,3099.0,,false,PERCENT,0.0,OutOfStock,,,,,,,,,,,,,,,,,,,,,DESCRIPTION,"<p>Straw yellow color, intense nose with hints of grape, tropical fruit, flowers. Fresh and soft in the mouth, intense, fruity and fullbodied.</p>
",RECOMMENDED,"<p>Seafood, medium cured cheese, pasta dishes, white meats.</p>
",HIGLIGHTS,"<p>BIOLOGICAL</p>

<p>PRODUCTION AREA: Terre di Chieti IGP</p>

<p>SERVE AT: 11-12°C</p>

<p>ALC. 13,5% VOL</p>

<p>ML. 750</p>
",,,,,,,,,,,,,
product_b5d6ef1d-fc74-fad1-7b7f-b3c611b87117,Product,RUMINAT Primitivo Terre di Chieti IGP,<p>&nbsp;</p>,fa1d60_1982b382c935491f9cb3766d5a8cb6bb~mv2.png;fa1d60_e52d456680254d34812a81276d67fa90~mv2.png,Lunaria Orsogna;All collections;Lífrænt  Ræktað;Rauðvín,,Organic & Biodynamic,3190.0,,false,PERCENT,0.0,InStock,,,,,,,,,,,,,,,,,,,,,DESCRIPTION,"<p>Bright ruby red color, in the nose plums, carobs, cherries. The palate is warm, fairly tannic, intense, with a red fruit jam finish.</p>
",RECOMMENDED,"<p>Salami dishes, pastadishes with tomatosauce, meats.</p>
",HIGLIGHTS,"<p>BIOLOGICAL</p>

<p>GRAPE VARIETY: Primitivo minimum 85%</p>

<p>PRODUCTION AREA: Terre di Chieti IGP</p>

<p>SERVE AT: 16-18°C</p>

<p>ALC. 14% VOL</p>

<p>ML. 750</p>
",,,,,,,,,,,,,
product_11e93923-796e-21e9-f9da-c35f0fc416e8,Product,Coste di moro montepulciano d’abruzzo,<p>&nbsp;</p>,fa1d60_514ebc32e29147f29d0fc866c176742c~mv2.png;fa1d60_84903f7641634a7d957aecdcd63274ce~mv2.png,Lunaria Orsogna;Væntanleg Vín;All collections;Lífrænt  Ræktað,,Lífrænt ræktað,3199.0,,false,PERCENT,0.0,OutOfStock,,,,,,,,,,,,,,,,,,,,,DESCRIPTION,"<p>Impenetrable ruby redcolor, the nose isintense of red fruit andblack cherry jam, lightnotes of cocoa andtoasted complete itsbouquet. The palate iswarm, fairly tannic, soft,intense, with the typical almond finish.</p>
",RECOMMENDED,"<p>Cured meats (ham,salami etc.), grilled andbaked meats,pastadishes with veryelaborated sauces.</p>
",HIGLIGHTS,"<p>BIOLOGICAL</p>

<p>PRODUCTION AREA: Montepulciano</p>

<p>SERVE AT: 16-18°C</p>

<p>ALC. 14% VOL</p>

<p>ML. 750</p>
",,,,,,,,,,,,,
product_8f02b8a9-3bfa-a39c-52e7-dc2896c1ab25,Product,Coste di moro montepulciano d’abruzzo RISERVA,<p>&nbsp;</p>,fa1d60_f46eb93237d6443e89d46a9b56d42fc1~mv2.png;fa1d60_4dc48ecb368b4833904518f3b412fdfc~mv2.png,Lunaria Orsogna;All collections;Lífrænt  Ræktað;Rauðvín,,Organic & Biodynamic,3390.0,,false,PERCENT,0.0,OutOfStock,,,,,,,,,,,,,,,,,,,,,DESCRIPTION,"<p>Bright ruby color with tawny edges. Pronounced floral and spicy nose. Warm and soft mouth feel with sweet and light tannins, long and pleasant finish with off dry feel.</p>
",RECOMMENDED,"<p>Very versatile thanks to its rich, soft and pleasant moth feel.<br>
Particulary good when pairing with charcuterie, grilled meat and tasty italian pastas.</p>
",HIGLIGHTS,"<p>GRAPE VARIETY: Montepulciano 100%</p>

<p>PRODUCTION AREA: Montepulciano</p>

<p>SERVE AT: 12-14°C</p>

<p>ALC. 14,5% VOL</p>

<p>ML. 750</p>
",,,,,,,,,,,,,
product_fa7e6472-4bd4-2833-d0c6-2ad3d016b414,Product,PINOT NERO I.G.T.,<p>&nbsp;</p>,fa1d60_0ca2eb7390584d5d887f0311fb3ed940~mv2.png,Léttvínspakki frá Borgo Molínu;Borgo Molino Rauðvín;All collections;Borgo Molino;Rauðvín,,Vinsælt,2990.0,,true,PERCENT,0.0,InStock,,,,,,,,,,,,,,,,,,,,,DESCRIPTION,"<p>A RUBY RED COLOUR, IT HAS A DELICATE, ELEGANT FRAGRANCE WITH HINTS OF RASPBERRIES, STRAWBERRIES AND ROSE PETALS. IT IS HARMONIOUS AND LINGERS ON THE PALATE, WITH DRY END NOTES.</p>
",RECOMMENDED,"<p>COMBINATION WITH FOOD: RECOMMENDED WITH ROAST WHITE MEAT, SMALL GAME AND MATURE CHEESE.</p>
",HIGLIGHTS,"<p>GRAPE VARIETY: PINOT NERO</p>

<p>PRODUCTION AREA: TREVENEZIE</p>

<p>SERVE AT: 14-16 °C</p>

<p>ALC. 12,5% VOL</p>

<p>ML. 750</p>

<p>COD. 65</p>
",,,,,,,,,,,,,
product_2b3d96b7-fddc-a825-b1d9-89b99b3468d6,Product,SERNA ROSSO I.G.T.,<p>&nbsp;</p>,fa1d60_af39775d963b432ca4c0bffd11de8862~mv2.png,Léttvínspakki frá Borgo Molínu;Borgo Molino Rauðvín;All collections;Borgo Molino;Rauðvín,,Hæstu gæði,4690.0,,true,PERCENT,0.0,InStock,,,,,,,,,,,,,,,,,,,,,DESCRIPTION,"<p>WINE WITH INTENSE VIOLET COLOR WITH LIGHT GRANATE SHADES. THE FRUITY FRAGRANCE IS INTENSE AND COMPLEX, WITH LIGHT NOTES OF MEDITERRANEAN SPICES. WINE OF GREAT SOFTNESS AND STRUCTURE. WITH VERY FRUITY TASTE. THE ÉLEVAGE IN SMALL WOODEN BARRELS EXALTS AROMATIC COMPLEXITY BY DONATING NOTES OF LIQUORICE AND CINNAMON.</p>
",RECOMMENDED,"<p>RECOMMENDED COMBINATION WITH FOOD: THE HARMONY OF THE BODY IS EXALTED BY BRACES MEATS, BAKED AND CHEESES SEASONED. WE RECOMMEND THAT THE BOTTLE BE OPENED AL LEAST AN HOUR BEFORE SERVING.</p>
",HIGHLIGHTS,"<p>GRAPE VARIETY: REFOSCO, MERLOT AND CABERNET SAUVIGNON</p>

<p>PRODUCTION AREA: TREVENEZIE</p>

<p>SERVE AT: 18-20 °C&nbsp;</p>

<p>ALC. 15% VOL</p>

<p>ML. 750</p>

<p>COD. 78</p>
",,,,,,,,,,,,,
product_41601583-c742-ac13-b9d1-8fffa2c99698,Product,MERUM ROSSO D.O.C.,<p>&nbsp;</p>,fa1d60_46761cb654cc496f9bf4bfc27b7399c5~mv2.png,Léttvínspakki frá Borgo Molínu;Borgo Molino Rauðvín;All collections;Borgo Molino;Rauðvín,,,3990.0,,true,PERCENT,0.0,InStock,,,,,,,,,,,,,,,,,,,,,DESCRIPTION,"<p>DEEP RED COLOR WITH LIGHT GARNET HUE. ITS BOUQUET IS COMPLEX AND SPICY WITH THE CLEAR SCENT OF VANILLA AND BLACK PEPPER.</p>
",RECOMMENDED,"<p>RECOMMENDED COMBINATION WITH FOOD: ITS AUSTERE BODY IS ENHANCED BY ROAST MEAT AND AGED CHEESES.WE RECOMMEND THAT THE BOTTLE BE OPENED AL LEAST AN HOUR BEFORE SERVING.</p>
",HIGHLIGHTS,"<p>GRAPE VARIETY: MERLOT AND CABERNET SAUVIGNON</p>

<p>PRODUCTION AREA: VENEZIA</p>

<p>SERVE AT: 18-20 °C&nbsp;</p>

<p>ALC. 13,5% VOL</p>

<p>ML. 750</p>

<p>COD. 76</p>
",,,,,,,,,,,,,
product_b847b2e3-a563-adbb-6c7e-0a27ca0d284c,Product,CABERNET SAUVIGNON D.O.C.,<p>&nbsp;</p>,fa1d60_fb0339739f654e7c99bbc28d8f15a07c~mv2.png,Léttvínspakki frá Borgo Molínu;Borgo Molino Rauðvín;All collections;Borgo Molino;Rauðvín,,Vinsælt,3090.0,,true,PERCENT,0.0,InStock,,,,,,,,,,,,,,,,,,,,,DESCRIPTION,"<p>DEEP RUBY-RED WINE WITH A BOUQUET THAT IS DELICATE SCENT OF FRESH CUT GRASS, AMPLE AND SUBTLY RICH. DRY AND FULL ON THE PALATE WITH A LONG-LASTING, PLEASANT AFTERTASTE.</p>
",RECOMMENDED,"<p>RECOMMENDED COMBINATION WITH FOOD: EXCELLENT WITH ROASTED MEATS, FOWL, GAME AND HARD CHEESES.</p>
",HIGHLIGHTS,"<p>GRAPE VARIETY: CABERNET SAUVIGNON</p>

<p>PRODUCTION AREA: VENEZIA</p>

<p>SERVE AT: 16-18 °C</p>

<p>ALC. 13% VOL</p>

<p>ML. 750</p>

<p>COD. 61</p>
",,,,,,,,,,,,,
product_5c2815cc-5101-f428-7fcf-2abc79f88d7d,Product,CHARDONNAY D.O.C.,"<p>DESCRIPTION: LIGHT STRAW-YELLOW COLOR, IT HAS A CHARACTERISTIC BOUQUET THAT IS DELICATE, ELEGANT AND NOBLE. DRY TO THE TASTE BUT INVITING AND HIGHLY REFINED</p><p>&nbsp;</p><p>RECOMMENDED COMBINATION WITH FOOD: PERFECT AS AN APERITIF, WITH HORS D’OEUVRES AND FISH DISHES.</p><p>&nbsp;</p><p>GRAPE VARIETY: CHARDONNAY</p><p>PRODUCTION AREA: VENEZIA</p><p>SERVE AT: 10-12&nbsp;°C</p><p>ALC. 12,5% VOL</p><p>ML. 750</p><p>COD. 56</p>",fa1d60_f2a650e0614f427a8566e22ae987b652~mv2.png,Léttvínspakki frá Borgo Molínu;All collections;Hvítvín;Borgo Molino;Borgo Molino Hvítvín,,NÝTT,2699.0,,false,PERCENT,0.0,OutOfStock,,,,,,,,,,,,,,,,,,,,,DESCRIPTION,"<p>DESCRIPTION: LIGHT STRAW-YELLOW COLOR, IT HAS A CHARACTERISTIC BOUQUET THAT IS DELICATE, ELEGANT AND NOBLE. DRY TO THE TASTE BUT INVITING AND HIGHLY REFINED</p>
",RECOMMENDED,"<p>COMBINATION WITH FOOD: PERFECT AS AN APERITIF, WITH HORS D’OEUVRES AND FISH DISHES.</p>
",HIGHLIGHTS,"<p>GRAPE VARIETY: CHARDONNAY</p>

<p>PRODUCTION AREA: VENEZIA</p>

<p>SERVE AT: 10-12&nbsp;°C</p>

<p>ALC. 12,5% VOL</p>

<p>ML. 750</p>

<p>COD. 56</p>
",,,,,,,,,,,,,
product_713a3c41-94ec-60db-775e-0b64da9da8e4,Product,MAMAMILIA PASSITO CRU 500ml,<p>&nbsp;</p><p>&nbsp;</p>,fa1d60_1823dfdcae2d4e478e7646e6da774e1b~mv2.png,Borgo Molino Hvítvín;All collections;Borgo Molino;Hvítvín,,Sætt,2799.0,,true,PERCENT,0.0,InStock,,,,,,,,,,,,,,,,,,,,,DESCRIPTION,"<p>INTENSE, ELEGANT, INTRICATE; YOUR SENSES WILL PERCEIVE DATES AND RIPE PERSIMMON FLAVOURS, A FLOWERY TASTE OF JASMINE AND CRYSTALLIZED CITRUS FRUITS, CURRANTS AND FINALLY A SWEET VANILLA AROMA. FLAVOUR IS A SOFT, WARM, BALANCED AND DELICATE SENSATION BEFORE CHANGING INTO A SAVOURY AND PERSISTENT TASTE.</p>
",RECOMMENDED,"<p>COMBINATION WITH FOOD: THIS WINE IS BEST ENJOYED ON ITS OWN: IT IS A GREAT SIPPING WINE. THIS IS A DESSERT WINE TOO.</p>
",HIGHLIGHTS,"<p>GRAPE VARIETY: VERDUZZO, MANZONI BIANCO AND CHARDONNAY MOUSQUÈ</p>

<p>PRODUCTION AREA: DELLE VENEZIE</p>

<p>SERVE AT: 10-12&nbsp;°C</p>

<p>ALC. 13% VOL</p>

<p>ML. 500</p>

<p>COD. 50</p>
",,,,,,,,,,,,,
product_00fe3319-8d0f-2ffd-7f78-af426c937fcc,Product,PINOT GRIGIO D.O.C. Della Varezie,<p>&nbsp;</p>,fa1d60_036e03bdf26e4786a87137beff693ef9~mv2.png,Léttvínspakki frá Borgo Molínu;All collections;Hvítvín;Borgo Molino;Borgo Molino Hvítvín,,Vinsælt,2890.0,,true,PERCENT,0.0,InStock,,,,,,,,,,,,,,,,,,,,,DESCRIPTION,"<p>WHEN USED TO CREATE A WHITE WINE IT IS STRAW-YELLOW WITH A PLEASING WILDFLOWER SCENT; EXCELLENT BALANCE ON THE PALATE.</p>
",RECOMMENDED,"<p>COMBINATION WITH FOOD: A WONDERFUL ACCOMPANIMENT FOR FISH DISHES AND SOUPS.</p>
",HIGHLIGHTS,"<p>GRAPE VARIETY: PINOT GRIGIO</p>

<p>PRODUCTION AREA: DELLE VENEZIE</p>

<p>SERVE AT: 10-12&nbsp;°C</p>

<p>ALC. 12,5% VOL</p>

<p>ML. 750</p>

<p>COD. 51</p>
",,,,,,,,,,,,,
product_68e705b7-81d0-4db4-ab36-039c729d7ce2,Product,MOTIVO MOSCATO DOLCE,<p>&nbsp;</p>,fa1d60_ab83a696d3464d76be86810c31fe2925~mv2.png,Borgo Molino;All collections;Borgo Molino Prosecco;Procecco,,Sætt,2199.0,,true,PERCENT,0.0,InStock,,,,,,,,,,,,,,,,,,,,,DESCRIPTION,"<p>ARISTOCRATIC SPARKLING WINE, EXPRESSING ELEGANCE, LIGHT-COLORED WITH STRAW HUE, FRUIT SCENTED WITH A TOUCH OF WHITE FLOWERS AND BULGARINA ROSE, A DELICATE AND SWEET FLAVOUR, FRESH AROMATIC AND SPARKLING.</p>
",RECOMMENDED,"<p>RECOMMENDED COMBINATION WITH FOOD: EXCELLENT TO END A MEAL, ACCOMPANIED BY WITH FRUIT AND DESSERTS, ESPECIALLY BISCUITS AND BAKED DESSERTS</p>
",HIGHLIGHTS,"<p>GRAPE VARIETY: MOSCATO</p>

<p>PRODUCTION AREA: VENETO</p>

<p>SERVE AT: 6-8 °C</p>

<p>ALC. 8% VOL</p>

<p>SUGAR CONTENT: 80&nbsp;gr/l</p>

<p>ML. 750</p>

<p>COD. 11</p>
",,,,,,,,,,,,,
product_b9d8357f-aea4-3443-b1da-c95dc6f732e9,Product,MOTIVO ROSÉ EXTRA DRY,<p>&nbsp;</p>,fa1d60_e048074582664417acdc563a0114929f~mv2.png,Borgo Molino;All collections;Borgo Molino Prosecco;Procecco,,Vinsælt,2950.0,,true,PERCENT,0.0,InStock,,,,,,,,,,,,,,,,,,,,,DESCRIPTION,"<p>AN EXQUISITELY ELEGANT SPARKLING WINE, WITH A BRILLIANT PALE PINK COLOUR AND A FINE, PERSISTENT PERLAGE. DELICATE FRUITY FRAGRANCE, WITH A BOUQUET OF STRAWBERRY, RASPBERRY AND ROSE. SAVOURY, FRESH FLAVOUR, WITH A DELICATE AROMATIC TOUCH.</p>
",RECOMMENDED,"<p>RECOMMENDED COMBINATION WITH FOOD: A HIGHLY AGREEABLE WINE TO ENJOY AS AN APERITIF OR BETWEEN MEALS.</p>
",HIGHLIGHTS,"<p>GRAPE VARIETY: GLERA, PINOT NERO AND RABOSO</p>

<p>PRODUCTION AREA: TREVENEZIE</p>

<p>SERVE AT: 6-8 °C</p>

<p>ALC. 11% VOL</p>

<p>SUGAR CONTENT:&nbsp;15 gr/l</p>

<p>ML. 750</p>

<p>COD. 06</p>
",,,,,,,,,,,,,
product_e546805f-a56a-0dce-0387-6757f84c030a,Product,THIS CUVÉE PRESTIGE BRUT,<p>&nbsp;</p>,fa1d60_edc470c1d2774be3b6984a096743db75~mv2.png,Borgo Molino;All collections;Borgo Molino Prosecco;Procecco,,NÝTT,2799.0,,false,PERCENT,0.0,OutOfStock,,,,,,,,,,,,,,,,,,,,,DESCRIPTION,"<p>DESCRIPTION: AN ELEGANT REFINED WINE, BRIGHT STRAW-YELLOW IN COLOUR WITH FINE, PERSISTENT PERLAGE, DELICATE AND PLEASING BOUQUET, FRAGRANT FLAVOR, PLEASANTLY STRUCTURED, WELL-BALANCED AND FRESH WITH GOOD AROMATIC AFTERTASTE.</p>
",RECOMMENDED,"<p>RECOMMENDED COMBINATION WITH FOOD: EXCELLENT APERITIF; FRESH AND FRUITY IT IS IDEAL THROUGHOUT THE MEAL</p>
",HIGHLIGHTS,"<p>GRAPE VARIETY: GLERA AND RIESLING</p>

<p>PRODUCTION AREA: MARCA TREVIGIANA</p>

<p>SERVE AT: 6-8 °C</p>

<p>ALC. 11% VOL</p>

<p>ML. 750</p>

<p>COD. 12&nbsp;</p>
",,,,,,,,,,,,,
product_ac2674a0-d119-7e80-f7ec-e436cb7fb85b,Product,CARTIZZE VALDOBBIADENE D.O.C.G. DRY,<p>&nbsp;</p>,fa1d60_8aae01a961d143d4861edc4f3718acfd~mv2.png,Borgo Molino;All collections;Borgo Molino Prosecco;Procecco,,Síðasti séns,4270.0,,true,PERCENT,0.0,InStock,,,,,,,,,,,,,,,,,,,,,DESCRIPTION,"<p>DESCRIPTION: ELEGANT SPARKLING WINE OBTAINED FROM GLERA GRAPES FROM FAMOUS HILL SITUATED IN THE MUNICIPALITY OF VALDOBBIADENE. A BRILLIANT STRAW YELLOW COLOR WITH A FINE, PERSISTENT “PERLAGE”. ELEGANTLY INTENSE FRUITY BOUQUET, REMINISCENT OF FLOWERS AND RIPE FRUIT.</p>
",RECOMMENDED,"<p>RECOMMENDED COMBINATION WITH FOOD: EXCELLENT ON ITS OWN, THIS WINE HAPPILY ACCOMPANIES DRY PASTRIES, BISCUITS AND REFINED DESSERTS.</p>
",HIGHLIGHTS,"<p>PRODUCTION AREA: CARTIZZE</p>

<p>GRAPE VARIETY: GLERA</p>

<p>SERVE AT: 6-8 °C.</p>

<p>ALC. 11,5% VOL</p>

<p>SUGAR CONTENT: 28&nbsp;gr/l</p>

<p>ML. 750</p>

<p>COD. 01</p>
",,,,,,,,,,,,,
product_b61b8b7f-b9cb-446f-8da1-c848e8b90325,Product,PROSECCO D.O.C. TREVISO EXTRA DRY,<p>&nbsp;</p>,fa1d60_bde9d395265f44b099134bdcd64326ab~mv2.png,All collections;Borgo Molino Prosecco;Borgo Molino;Procecco,,Nýjar umbúðir,2850.0,,true,PERCENT,0.0,InStock,,,,,,,,,,,,,,,,,,,,,DESCRIPTION,"<p>DESCRIPTION: SPARKLING MADE FROM THE EXCLUSIVE SELECTION OF GLERA GRAPES. PALE STRAW-YELLOW COLOR, FINE PERLAGE, RICH AND FRAGRANT BOUQUET, DRY TO THE TASTE WITH A PLEASANTLY-BITTER UNDERTONE.</p>
",RECOMMENDED,"<p>RECOMMENDED COMBINATION WITH FOOD: EXCELLENT APERITIF; FRESH AND FRUITY IT IS IDEAL THROUGHOUT THE MEAL.</p>
",HIGHLIGHTS,"<p>GRAPE VARIETY: GLERA</p>

<p>PRODUCTION AREA: PROSECCO TREVISO</p>

<p>SERVE AT: 6-8 °C</p>

<p>ALC. 11% VOL</p>

<p>SUGAR CONTENT:&nbsp;15 gr/l</p>

<p>ML. 750</p>

<p>COD. 08&nbsp;</p>
",,,,,,,,,,,,,
